filename,npz,num_speakers
ulriv.wav,/Users/hooyar/Desktop/Projects/Python/CMPT310-Project/features/seq/ulriv.wav.npz,5
yuzyu.wav,/Users/hooyar/Desktop/Projects/Python/CMPT310-Project/features/seq/yuzyu.wav.npz,2
jgiyq.wav,/Users/hooyar/Desktop/Projects/Python/CMPT310-Project/features/seq/jgiyq.wav.npz,9
jbowg.wav,/Users/hooyar/Desktop/Projects/Python/CMPT310-Project/features/seq/jbowg.wav.npz,13
pzxit.wav,/Users/hooyar/Desktop/Projects/Python/CMPT310-Project/features/seq/pzxit.wav.npz,7
cobal.wav,/Users/hooyar/Desktop/Projects/Python/CMPT310-Project/features/seq/cobal.wav.npz,2
kefgo.wav,/Users/hooyar/Desktop/Projects/Python/CMPT310-Project/features/seq/kefgo.wav.npz,5
sbrmv.wav,/Users/hooyar/Desktop/Projects/Python/CMPT310-Project/features/seq/sbrmv.wav.npz,3
qsfzo.wav,/Users/hooyar/Desktop/Projects/Python/CMPT310-Project/features/seq/qsfzo.wav.npz,2
lscfc.wav,/Users/hooyar/Desktop/Projects/Python/CMPT310-Project/features/seq/lscfc.wav.npz,7
jsmbi.wav,/Users/hooyar/Desktop/Projects/Python/CMPT310-Project/features/seq/jsmbi.wav.npz,5
ldkmv.wav,/Users/hooyar/Desktop/Projects/Python/CMPT310-Project/features/seq/ldkmv.wav.npz,5
qfdpp.wav,/Users/hooyar/Desktop/Projects/Python/CMPT310-Project/features/seq/qfdpp.wav.npz,4
laoyl.wav,/Users/hooyar/Desktop/Projects/Python/CMPT310-Project/features/seq/laoyl.wav.npz,2
kckqn.wav,/Users/hooyar/Desktop/Projects/Python/CMPT310-Project/features/seq/kckqn.wav.npz,3
crorm.wav,/Users/hooyar/Desktop/Projects/Python/CMPT310-Project/features/seq/crorm.wav.npz,2
zajzs.wav,/Users/hooyar/Desktop/Projects/Python/CMPT310-Project/features/seq/zajzs.wav.npz,2
xlyov.wav,/Users/hooyar/Desktop/Projects/Python/CMPT310-Project/features/seq/xlyov.wav.npz,1
uhfrw.wav,/Users/hooyar/Desktop/Projects/Python/CMPT310-Project/features/seq/uhfrw.wav.npz,8
oqwpd.wav,/Users/hooyar/Desktop/Projects/Python/CMPT310-Project/features/seq/oqwpd.wav.npz,4
bxpwa.wav,/Users/hooyar/Desktop/Projects/Python/CMPT310-Project/features/seq/bxpwa.wav.npz,5
xvllq.wav,/Users/hooyar/Desktop/Projects/Python/CMPT310-Project/features/seq/xvllq.wav.npz,3
jjvkx.wav,/Users/hooyar/Desktop/Projects/Python/CMPT310-Project/features/seq/jjvkx.wav.npz,6
yfcmz.wav,/Users/hooyar/Desktop/Projects/Python/CMPT310-Project/features/seq/yfcmz.wav.npz,4
pgtkk.wav,/Users/hooyar/Desktop/Projects/Python/CMPT310-Project/features/seq/pgtkk.wav.npz,9
ydlfw.wav,/Users/hooyar/Desktop/Projects/Python/CMPT310-Project/features/seq/ydlfw.wav.npz,6
upshw.wav,/Users/hooyar/Desktop/Projects/Python/CMPT310-Project/features/seq/upshw.wav.npz,7
tiido.wav,/Users/hooyar/Desktop/Projects/Python/CMPT310-Project/features/seq/tiido.wav.npz,2
plbbw.wav,/Users/hooyar/Desktop/Projects/Python/CMPT310-Project/features/seq/plbbw.wav.npz,2
gtnjb.wav,/Users/hooyar/Desktop/Projects/Python/CMPT310-Project/features/seq/gtnjb.wav.npz,13
imbqf.wav,/Users/hooyar/Desktop/Projects/Python/CMPT310-Project/features/seq/imbqf.wav.npz,5
iwdjy.wav,/Users/hooyar/Desktop/Projects/Python/CMPT310-Project/features/seq/iwdjy.wav.npz,3
epdpg.wav,/Users/hooyar/Desktop/Projects/Python/CMPT310-Project/features/seq/epdpg.wav.npz,12
qzwxa.wav,/Users/hooyar/Desktop/Projects/Python/CMPT310-Project/features/seq/qzwxa.wav.npz,2
jcako.wav,/Users/hooyar/Desktop/Projects/Python/CMPT310-Project/features/seq/jcako.wav.npz,3
ybhwz.wav,/Users/hooyar/Desktop/Projects/Python/CMPT310-Project/features/seq/ybhwz.wav.npz,8
atgpi.wav,/Users/hooyar/Desktop/Projects/Python/CMPT310-Project/features/seq/atgpi.wav.npz,1
wspbh.wav,/Users/hooyar/Desktop/Projects/Python/CMPT310-Project/features/seq/wspbh.wav.npz,6
ygrip.wav,/Users/hooyar/Desktop/Projects/Python/CMPT310-Project/features/seq/ygrip.wav.npz,7
uatlu.wav,/Users/hooyar/Desktop/Projects/Python/CMPT310-Project/features/seq/uatlu.wav.npz,3
jhdav.wav,/Users/hooyar/Desktop/Projects/Python/CMPT310-Project/features/seq/jhdav.wav.npz,5
mbzht.wav,/Users/hooyar/Desktop/Projects/Python/CMPT310-Project/features/seq/mbzht.wav.npz,5
lpola.wav,/Users/hooyar/Desktop/Projects/Python/CMPT310-Project/features/seq/lpola.wav.npz,3
ralnu.wav,/Users/hooyar/Desktop/Projects/Python/CMPT310-Project/features/seq/ralnu.wav.npz,8
dxokr.wav,/Users/hooyar/Desktop/Projects/Python/CMPT310-Project/features/seq/dxokr.wav.npz,4
mpvoh.wav,/Users/hooyar/Desktop/Projects/Python/CMPT310-Project/features/seq/mpvoh.wav.npz,2
ampme.wav,/Users/hooyar/Desktop/Projects/Python/CMPT310-Project/features/seq/ampme.wav.npz,3
rmvsh.wav,/Users/hooyar/Desktop/Projects/Python/CMPT310-Project/features/seq/rmvsh.wav.npz,2
ehpau.wav,/Users/hooyar/Desktop/Projects/Python/CMPT310-Project/features/seq/ehpau.wav.npz,3
kzmyi.wav,/Users/hooyar/Desktop/Projects/Python/CMPT310-Project/features/seq/kzmyi.wav.npz,8
wlfsf.wav,/Users/hooyar/Desktop/Projects/Python/CMPT310-Project/features/seq/wlfsf.wav.npz,11
ztzzr.wav,/Users/hooyar/Desktop/Projects/Python/CMPT310-Project/features/seq/ztzzr.wav.npz,1
bspxd.wav,/Users/hooyar/Desktop/Projects/Python/CMPT310-Project/features/seq/bspxd.wav.npz,3
hgeec.wav,/Users/hooyar/Desktop/Projects/Python/CMPT310-Project/features/seq/hgeec.wav.npz,7
lkikz.wav,/Users/hooyar/Desktop/Projects/Python/CMPT310-Project/features/seq/lkikz.wav.npz,2
aisvi.wav,/Users/hooyar/Desktop/Projects/Python/CMPT310-Project/features/seq/aisvi.wav.npz,8
iiprr.wav,/Users/hooyar/Desktop/Projects/Python/CMPT310-Project/features/seq/iiprr.wav.npz,7
praxo.wav,/Users/hooyar/Desktop/Projects/Python/CMPT310-Project/features/seq/praxo.wav.npz,2
tguxv.wav,/Users/hooyar/Desktop/Projects/Python/CMPT310-Project/features/seq/tguxv.wav.npz,6
crylr.wav,/Users/hooyar/Desktop/Projects/Python/CMPT310-Project/features/seq/crylr.wav.npz,4
iqbww.wav,/Users/hooyar/Desktop/Projects/Python/CMPT310-Project/features/seq/iqbww.wav.npz,3
rtvuw.wav,/Users/hooyar/Desktop/Projects/Python/CMPT310-Project/features/seq/rtvuw.wav.npz,3
jyirt.wav,/Users/hooyar/Desktop/Projects/Python/CMPT310-Project/features/seq/jyirt.wav.npz,4
cadba.wav,/Users/hooyar/Desktop/Projects/Python/CMPT310-Project/features/seq/cadba.wav.npz,7
ezxso.wav,/Users/hooyar/Desktop/Projects/Python/CMPT310-Project/features/seq/ezxso.wav.npz,10
pxqme.wav,/Users/hooyar/Desktop/Projects/Python/CMPT310-Project/features/seq/pxqme.wav.npz,1
ppexo.wav,/Users/hooyar/Desktop/Projects/Python/CMPT310-Project/features/seq/ppexo.wav.npz,1
msbyq.wav,/Users/hooyar/Desktop/Projects/Python/CMPT310-Project/features/seq/msbyq.wav.npz,4
lubpm.wav,/Users/hooyar/Desktop/Projects/Python/CMPT310-Project/features/seq/lubpm.wav.npz,2
mupzb.wav,/Users/hooyar/Desktop/Projects/Python/CMPT310-Project/features/seq/mupzb.wav.npz,2
swbnm.wav,/Users/hooyar/Desktop/Projects/Python/CMPT310-Project/features/seq/swbnm.wav.npz,7
euqef.wav,/Users/hooyar/Desktop/Projects/Python/CMPT310-Project/features/seq/euqef.wav.npz,1
fyqoe.wav,/Users/hooyar/Desktop/Projects/Python/CMPT310-Project/features/seq/fyqoe.wav.npz,3
uicid.wav,/Users/hooyar/Desktop/Projects/Python/CMPT310-Project/features/seq/uicid.wav.npz,1
ypwjd.wav,/Users/hooyar/Desktop/Projects/Python/CMPT310-Project/features/seq/ypwjd.wav.npz,4
vdlvr.wav,/Users/hooyar/Desktop/Projects/Python/CMPT310-Project/features/seq/vdlvr.wav.npz,4
cwbvu.wav,/Users/hooyar/Desktop/Projects/Python/CMPT310-Project/features/seq/cwbvu.wav.npz,10
kmunk.wav,/Users/hooyar/Desktop/Projects/Python/CMPT310-Project/features/seq/kmunk.wav.npz,2
epygx.wav,/Users/hooyar/Desktop/Projects/Python/CMPT310-Project/features/seq/epygx.wav.npz,8
ifwki.wav,/Users/hooyar/Desktop/Projects/Python/CMPT310-Project/features/seq/ifwki.wav.npz,2
afjiv.wav,/Users/hooyar/Desktop/Projects/Python/CMPT310-Project/features/seq/afjiv.wav.npz,5
eziem.wav,/Users/hooyar/Desktop/Projects/Python/CMPT310-Project/features/seq/eziem.wav.npz,8
bdopb.wav,/Users/hooyar/Desktop/Projects/Python/CMPT310-Project/features/seq/bdopb.wav.npz,7
vgevv.wav,/Users/hooyar/Desktop/Projects/Python/CMPT310-Project/features/seq/vgevv.wav.npz,11
falxo.wav,/Users/hooyar/Desktop/Projects/Python/CMPT310-Project/features/seq/falxo.wav.npz,8
wcxfk.wav,/Users/hooyar/Desktop/Projects/Python/CMPT310-Project/features/seq/wcxfk.wav.npz,3
jzkzt.wav,/Users/hooyar/Desktop/Projects/Python/CMPT310-Project/features/seq/jzkzt.wav.npz,11
kuduk.wav,/Users/hooyar/Desktop/Projects/Python/CMPT310-Project/features/seq/kuduk.wav.npz,5
vmaiq.wav,/Users/hooyar/Desktop/Projects/Python/CMPT310-Project/features/seq/vmaiq.wav.npz,17
aiqwk.wav,/Users/hooyar/Desktop/Projects/Python/CMPT310-Project/features/seq/aiqwk.wav.npz,7
nqyqm.wav,/Users/hooyar/Desktop/Projects/Python/CMPT310-Project/features/seq/nqyqm.wav.npz,8
rxgun.wav,/Users/hooyar/Desktop/Projects/Python/CMPT310-Project/features/seq/rxgun.wav.npz,8
xlsme.wav,/Users/hooyar/Desktop/Projects/Python/CMPT310-Project/features/seq/xlsme.wav.npz,6
mxduo.wav,/Users/hooyar/Desktop/Projects/Python/CMPT310-Project/features/seq/mxduo.wav.npz,10
kmjvh.wav,/Users/hooyar/Desktop/Projects/Python/CMPT310-Project/features/seq/kmjvh.wav.npz,8
dxbbt.wav,/Users/hooyar/Desktop/Projects/Python/CMPT310-Project/features/seq/dxbbt.wav.npz,3
bydui.wav,/Users/hooyar/Desktop/Projects/Python/CMPT310-Project/features/seq/bydui.wav.npz,3
ccokr.wav,/Users/hooyar/Desktop/Projects/Python/CMPT310-Project/features/seq/ccokr.wav.npz,5
whmpa.wav,/Users/hooyar/Desktop/Projects/Python/CMPT310-Project/features/seq/whmpa.wav.npz,2
xqxkt.wav,/Users/hooyar/Desktop/Projects/Python/CMPT310-Project/features/seq/xqxkt.wav.npz,7
ktzmw.wav,/Users/hooyar/Desktop/Projects/Python/CMPT310-Project/features/seq/ktzmw.wav.npz,4
esrit.wav,/Users/hooyar/Desktop/Projects/Python/CMPT310-Project/features/seq/esrit.wav.npz,5
fqrnu.wav,/Users/hooyar/Desktop/Projects/Python/CMPT310-Project/features/seq/fqrnu.wav.npz,4
ktvto.wav,/Users/hooyar/Desktop/Projects/Python/CMPT310-Project/features/seq/ktvto.wav.npz,9
ytula.wav,/Users/hooyar/Desktop/Projects/Python/CMPT310-Project/features/seq/ytula.wav.npz,7
zztbo.wav,/Users/hooyar/Desktop/Projects/Python/CMPT310-Project/features/seq/zztbo.wav.npz,1
pgkde.wav,/Users/hooyar/Desktop/Projects/Python/CMPT310-Project/features/seq/pgkde.wav.npz,3
ycxxe.wav,/Users/hooyar/Desktop/Projects/Python/CMPT310-Project/features/seq/ycxxe.wav.npz,4
gofnj.wav,/Users/hooyar/Desktop/Projects/Python/CMPT310-Project/features/seq/gofnj.wav.npz,3
imtug.wav,/Users/hooyar/Desktop/Projects/Python/CMPT310-Project/features/seq/imtug.wav.npz,2
wibky.wav,/Users/hooyar/Desktop/Projects/Python/CMPT310-Project/features/seq/wibky.wav.npz,1
dscgs.wav,/Users/hooyar/Desktop/Projects/Python/CMPT310-Project/features/seq/dscgs.wav.npz,2
bpzsc.wav,/Users/hooyar/Desktop/Projects/Python/CMPT310-Project/features/seq/bpzsc.wav.npz,7
wdjyj.wav,/Users/hooyar/Desktop/Projects/Python/CMPT310-Project/features/seq/wdjyj.wav.npz,8
iacod.wav,/Users/hooyar/Desktop/Projects/Python/CMPT310-Project/features/seq/iacod.wav.npz,6
mqtep.wav,/Users/hooyar/Desktop/Projects/Python/CMPT310-Project/features/seq/mqtep.wav.npz,4
ipqqq.wav,/Users/hooyar/Desktop/Projects/Python/CMPT310-Project/features/seq/ipqqq.wav.npz,6
uvnmy.wav,/Users/hooyar/Desktop/Projects/Python/CMPT310-Project/features/seq/uvnmy.wav.npz,4
oubab.wav,/Users/hooyar/Desktop/Projects/Python/CMPT310-Project/features/seq/oubab.wav.npz,4
eguui.wav,/Users/hooyar/Desktop/Projects/Python/CMPT310-Project/features/seq/eguui.wav.npz,3
hkzpa.wav,/Users/hooyar/Desktop/Projects/Python/CMPT310-Project/features/seq/hkzpa.wav.npz,2
mqxsf.wav,/Users/hooyar/Desktop/Projects/Python/CMPT310-Project/features/seq/mqxsf.wav.npz,12
guvqf.wav,/Users/hooyar/Desktop/Projects/Python/CMPT310-Project/features/seq/guvqf.wav.npz,11
aufkn.wav,/Users/hooyar/Desktop/Projects/Python/CMPT310-Project/features/seq/aufkn.wav.npz,3
fijfi.wav,/Users/hooyar/Desktop/Projects/Python/CMPT310-Project/features/seq/fijfi.wav.npz,6
mesob.wav,/Users/hooyar/Desktop/Projects/Python/CMPT310-Project/features/seq/mesob.wav.npz,4
ofbxh.wav,/Users/hooyar/Desktop/Projects/Python/CMPT310-Project/features/seq/ofbxh.wav.npz,7
nnqfq.wav,/Users/hooyar/Desktop/Projects/Python/CMPT310-Project/features/seq/nnqfq.wav.npz,5
wwzsk.wav,/Users/hooyar/Desktop/Projects/Python/CMPT310-Project/features/seq/wwzsk.wav.npz,5
tkybe.wav,/Users/hooyar/Desktop/Projects/Python/CMPT310-Project/features/seq/tkybe.wav.npz,6
tvtoe.wav,/Users/hooyar/Desktop/Projects/Python/CMPT310-Project/features/seq/tvtoe.wav.npz,3
gukoa.wav,/Users/hooyar/Desktop/Projects/Python/CMPT310-Project/features/seq/gukoa.wav.npz,10
fvyvb.wav,/Users/hooyar/Desktop/Projects/Python/CMPT310-Project/features/seq/fvyvb.wav.npz,7
iabca.wav,/Users/hooyar/Desktop/Projects/Python/CMPT310-Project/features/seq/iabca.wav.npz,3
wbqza.wav,/Users/hooyar/Desktop/Projects/Python/CMPT310-Project/features/seq/wbqza.wav.npz,5
erslt.wav,/Users/hooyar/Desktop/Projects/Python/CMPT310-Project/features/seq/erslt.wav.npz,7
mekog.wav,/Users/hooyar/Desktop/Projects/Python/CMPT310-Project/features/seq/mekog.wav.npz,2
sexgc.wav,/Users/hooyar/Desktop/Projects/Python/CMPT310-Project/features/seq/sexgc.wav.npz,4
onpra.wav,/Users/hooyar/Desktop/Projects/Python/CMPT310-Project/features/seq/onpra.wav.npz,6
zzyyo.wav,/Users/hooyar/Desktop/Projects/Python/CMPT310-Project/features/seq/zzyyo.wav.npz,12
odkzj.wav,/Users/hooyar/Desktop/Projects/Python/CMPT310-Project/features/seq/odkzj.wav.npz,7
mhwyr.wav,/Users/hooyar/Desktop/Projects/Python/CMPT310-Project/features/seq/mhwyr.wav.npz,8
tkhgs.wav,/Users/hooyar/Desktop/Projects/Python/CMPT310-Project/features/seq/tkhgs.wav.npz,2
dhorc.wav,/Users/hooyar/Desktop/Projects/Python/CMPT310-Project/features/seq/dhorc.wav.npz,4
ikhje.wav,/Users/hooyar/Desktop/Projects/Python/CMPT310-Project/features/seq/ikhje.wav.npz,9
xvxwv.wav,/Users/hooyar/Desktop/Projects/Python/CMPT310-Project/features/seq/xvxwv.wav.npz,6
qydmg.wav,/Users/hooyar/Desktop/Projects/Python/CMPT310-Project/features/seq/qydmg.wav.npz,1
blwmj.wav,/Users/hooyar/Desktop/Projects/Python/CMPT310-Project/features/seq/blwmj.wav.npz,2
migzj.wav,/Users/hooyar/Desktop/Projects/Python/CMPT310-Project/features/seq/migzj.wav.npz,4
hqhrb.wav,/Users/hooyar/Desktop/Projects/Python/CMPT310-Project/features/seq/hqhrb.wav.npz,6
aggyz.wav,/Users/hooyar/Desktop/Projects/Python/CMPT310-Project/features/seq/aggyz.wav.npz,13
houcx.wav,/Users/hooyar/Desktop/Projects/Python/CMPT310-Project/features/seq/houcx.wav.npz,3
dgvwu.wav,/Users/hooyar/Desktop/Projects/Python/CMPT310-Project/features/seq/dgvwu.wav.npz,11
eucfa.wav,/Users/hooyar/Desktop/Projects/Python/CMPT310-Project/features/seq/eucfa.wav.npz,4
kszpd.wav,/Users/hooyar/Desktop/Projects/Python/CMPT310-Project/features/seq/kszpd.wav.npz,5
czlvt.wav,/Users/hooyar/Desktop/Projects/Python/CMPT310-Project/features/seq/czlvt.wav.npz,11
zehzu.wav,/Users/hooyar/Desktop/Projects/Python/CMPT310-Project/features/seq/zehzu.wav.npz,6
dkabn.wav,/Users/hooyar/Desktop/Projects/Python/CMPT310-Project/features/seq/dkabn.wav.npz,7
luvfz.wav,/Users/hooyar/Desktop/Projects/Python/CMPT310-Project/features/seq/luvfz.wav.npz,7
xggbk.wav,/Users/hooyar/Desktop/Projects/Python/CMPT310-Project/features/seq/xggbk.wav.npz,8
zfkap.wav,/Users/hooyar/Desktop/Projects/Python/CMPT310-Project/features/seq/zfkap.wav.npz,4
ooxnm.wav,/Users/hooyar/Desktop/Projects/Python/CMPT310-Project/features/seq/ooxnm.wav.npz,5
wewoz.wav,/Users/hooyar/Desktop/Projects/Python/CMPT310-Project/features/seq/wewoz.wav.npz,12
mjmgr.wav,/Users/hooyar/Desktop/Projects/Python/CMPT310-Project/features/seq/mjmgr.wav.npz,9
ntchr.wav,/Users/hooyar/Desktop/Projects/Python/CMPT310-Project/features/seq/ntchr.wav.npz,2
kdfqk.wav,/Users/hooyar/Desktop/Projects/Python/CMPT310-Project/features/seq/kdfqk.wav.npz,20
fzwtp.wav,/Users/hooyar/Desktop/Projects/Python/CMPT310-Project/features/seq/fzwtp.wav.npz,11
leneg.wav,/Users/hooyar/Desktop/Projects/Python/CMPT310-Project/features/seq/leneg.wav.npz,2
gkiki.wav,/Users/hooyar/Desktop/Projects/Python/CMPT310-Project/features/seq/gkiki.wav.npz,6
hcyak.wav,/Users/hooyar/Desktop/Projects/Python/CMPT310-Project/features/seq/hcyak.wav.npz,8
yzvon.wav,/Users/hooyar/Desktop/Projects/Python/CMPT310-Project/features/seq/yzvon.wav.npz,5
hycgx.wav,/Users/hooyar/Desktop/Projects/Python/CMPT310-Project/features/seq/hycgx.wav.npz,2
mkrcv.wav,/Users/hooyar/Desktop/Projects/Python/CMPT310-Project/features/seq/mkrcv.wav.npz,5
gwtwd.wav,/Users/hooyar/Desktop/Projects/Python/CMPT310-Project/features/seq/gwtwd.wav.npz,4
qajyo.wav,/Users/hooyar/Desktop/Projects/Python/CMPT310-Project/features/seq/qajyo.wav.npz,17
cqfmj.wav,/Users/hooyar/Desktop/Projects/Python/CMPT310-Project/features/seq/cqfmj.wav.npz,4
ikgcq.wav,/Users/hooyar/Desktop/Projects/Python/CMPT310-Project/features/seq/ikgcq.wav.npz,2
mdbod.wav,/Users/hooyar/Desktop/Projects/Python/CMPT310-Project/features/seq/mdbod.wav.npz,11
txcok.wav,/Users/hooyar/Desktop/Projects/Python/CMPT310-Project/features/seq/txcok.wav.npz,4
vbjlx.wav,/Users/hooyar/Desktop/Projects/Python/CMPT310-Project/features/seq/vbjlx.wav.npz,5
nprxc.wav,/Users/hooyar/Desktop/Projects/Python/CMPT310-Project/features/seq/nprxc.wav.npz,4
lfzib.wav,/Users/hooyar/Desktop/Projects/Python/CMPT310-Project/features/seq/lfzib.wav.npz,9
cqaec.wav,/Users/hooyar/Desktop/Projects/Python/CMPT310-Project/features/seq/cqaec.wav.npz,5
eauve.wav,/Users/hooyar/Desktop/Projects/Python/CMPT310-Project/features/seq/eauve.wav.npz,7
gocbm.wav,/Users/hooyar/Desktop/Projects/Python/CMPT310-Project/features/seq/gocbm.wav.npz,8
ppgjx.wav,/Users/hooyar/Desktop/Projects/Python/CMPT310-Project/features/seq/ppgjx.wav.npz,2
zcdsd.wav,/Users/hooyar/Desktop/Projects/Python/CMPT310-Project/features/seq/zcdsd.wav.npz,5
ioasm.wav,/Users/hooyar/Desktop/Projects/Python/CMPT310-Project/features/seq/ioasm.wav.npz,3
jeymh.wav,/Users/hooyar/Desktop/Projects/Python/CMPT310-Project/features/seq/jeymh.wav.npz,18
nkqzr.wav,/Users/hooyar/Desktop/Projects/Python/CMPT310-Project/features/seq/nkqzr.wav.npz,11
grzbb.wav,/Users/hooyar/Desktop/Projects/Python/CMPT310-Project/features/seq/grzbb.wav.npz,1
qwepo.wav,/Users/hooyar/Desktop/Projects/Python/CMPT310-Project/features/seq/qwepo.wav.npz,4
gfneh.wav,/Users/hooyar/Desktop/Projects/Python/CMPT310-Project/features/seq/gfneh.wav.npz,7
xxwgv.wav,/Users/hooyar/Desktop/Projects/Python/CMPT310-Project/features/seq/xxwgv.wav.npz,10
ltgmz.wav,/Users/hooyar/Desktop/Projects/Python/CMPT310-Project/features/seq/ltgmz.wav.npz,2
hiyis.wav,/Users/hooyar/Desktop/Projects/Python/CMPT310-Project/features/seq/hiyis.wav.npz,2
bvyvm.wav,/Users/hooyar/Desktop/Projects/Python/CMPT310-Project/features/seq/bvyvm.wav.npz,3
pnook.wav,/Users/hooyar/Desktop/Projects/Python/CMPT310-Project/features/seq/pnook.wav.npz,9
xtzoq.wav,/Users/hooyar/Desktop/Projects/Python/CMPT310-Project/features/seq/xtzoq.wav.npz,11
isxwc.wav,/Users/hooyar/Desktop/Projects/Python/CMPT310-Project/features/seq/isxwc.wav.npz,4
qxana.wav,/Users/hooyar/Desktop/Projects/Python/CMPT310-Project/features/seq/qxana.wav.npz,14
vysqj.wav,/Users/hooyar/Desktop/Projects/Python/CMPT310-Project/features/seq/vysqj.wav.npz,1
zqidv.wav,/Users/hooyar/Desktop/Projects/Python/CMPT310-Project/features/seq/zqidv.wav.npz,8
nitgx.wav,/Users/hooyar/Desktop/Projects/Python/CMPT310-Project/features/seq/nitgx.wav.npz,21
usbgm.wav,/Users/hooyar/Desktop/Projects/Python/CMPT310-Project/features/seq/usbgm.wav.npz,1
xmfzh.wav,/Users/hooyar/Desktop/Projects/Python/CMPT310-Project/features/seq/xmfzh.wav.npz,10
asxwr.wav,/Users/hooyar/Desktop/Projects/Python/CMPT310-Project/features/seq/asxwr.wav.npz,3
myjoe.wav,/Users/hooyar/Desktop/Projects/Python/CMPT310-Project/features/seq/myjoe.wav.npz,2
bvqnu.wav,/Users/hooyar/Desktop/Projects/Python/CMPT310-Project/features/seq/bvqnu.wav.npz,9
gqbvk.wav,/Users/hooyar/Desktop/Projects/Python/CMPT310-Project/features/seq/gqbvk.wav.npz,4
syiwe.wav,/Users/hooyar/Desktop/Projects/Python/CMPT310-Project/features/seq/syiwe.wav.npz,3
mkhie.wav,/Users/hooyar/Desktop/Projects/Python/CMPT310-Project/features/seq/mkhie.wav.npz,12
lilfy.wav,/Users/hooyar/Desktop/Projects/Python/CMPT310-Project/features/seq/lilfy.wav.npz,5
sebyw.wav,/Users/hooyar/Desktop/Projects/Python/CMPT310-Project/features/seq/sebyw.wav.npz,7
cpebh.wav,/Users/hooyar/Desktop/Projects/Python/CMPT310-Project/features/seq/cpebh.wav.npz,1
kgjaa.wav,/Users/hooyar/Desktop/Projects/Python/CMPT310-Project/features/seq/kgjaa.wav.npz,10
wprog.wav,/Users/hooyar/Desktop/Projects/Python/CMPT310-Project/features/seq/wprog.wav.npz,2
spzmn.wav,/Users/hooyar/Desktop/Projects/Python/CMPT310-Project/features/seq/spzmn.wav.npz,2
tjkfn.wav,/Users/hooyar/Desktop/Projects/Python/CMPT310-Project/features/seq/tjkfn.wav.npz,10
kiadt.wav,/Users/hooyar/Desktop/Projects/Python/CMPT310-Project/features/seq/kiadt.wav.npz,5
wnfoi.wav,/Users/hooyar/Desktop/Projects/Python/CMPT310-Project/features/seq/wnfoi.wav.npz,6
wdvva.wav,/Users/hooyar/Desktop/Projects/Python/CMPT310-Project/features/seq/wdvva.wav.npz,2
sikkm.wav,/Users/hooyar/Desktop/Projects/Python/CMPT310-Project/features/seq/sikkm.wav.npz,1
heolf.wav,/Users/hooyar/Desktop/Projects/Python/CMPT310-Project/features/seq/heolf.wav.npz,12
poucc.wav,/Users/hooyar/Desktop/Projects/Python/CMPT310-Project/features/seq/poucc.wav.npz,7
aorju.wav,/Users/hooyar/Desktop/Projects/Python/CMPT310-Project/features/seq/aorju.wav.npz,12
qrzjk.wav,/Users/hooyar/Desktop/Projects/Python/CMPT310-Project/features/seq/qrzjk.wav.npz,1
bxcfq.wav,/Users/hooyar/Desktop/Projects/Python/CMPT310-Project/features/seq/bxcfq.wav.npz,2
pnyir.wav,/Users/hooyar/Desktop/Projects/Python/CMPT310-Project/features/seq/pnyir.wav.npz,8
nqcpi.wav,/Users/hooyar/Desktop/Projects/Python/CMPT310-Project/features/seq/nqcpi.wav.npz,7
mwfmq.wav,/Users/hooyar/Desktop/Projects/Python/CMPT310-Project/features/seq/mwfmq.wav.npz,2
bidnq.wav,/Users/hooyar/Desktop/Projects/Python/CMPT310-Project/features/seq/bidnq.wav.npz,11
utial.wav,/Users/hooyar/Desktop/Projects/Python/CMPT310-Project/features/seq/utial.wav.npz,8
kajfh.wav,/Users/hooyar/Desktop/Projects/Python/CMPT310-Project/features/seq/kajfh.wav.npz,15
jtagk.wav,/Users/hooyar/Desktop/Projects/Python/CMPT310-Project/features/seq/jtagk.wav.npz,6
cmhsm.wav,/Users/hooyar/Desktop/Projects/Python/CMPT310-Project/features/seq/cmhsm.wav.npz,1
mgpok.wav,/Users/hooyar/Desktop/Projects/Python/CMPT310-Project/features/seq/mgpok.wav.npz,4
evtyi.wav,/Users/hooyar/Desktop/Projects/Python/CMPT310-Project/features/seq/evtyi.wav.npz,2
eapdk.wav,/Users/hooyar/Desktop/Projects/Python/CMPT310-Project/features/seq/eapdk.wav.npz,7
hhepf.wav,/Users/hooyar/Desktop/Projects/Python/CMPT310-Project/features/seq/hhepf.wav.npz,7
ptses.wav,/Users/hooyar/Desktop/Projects/Python/CMPT310-Project/features/seq/ptses.wav.npz,9
gtjow.wav,/Users/hooyar/Desktop/Projects/Python/CMPT310-Project/features/seq/gtjow.wav.npz,4
oenox.wav,/Users/hooyar/Desktop/Projects/Python/CMPT310-Project/features/seq/oenox.wav.npz,2
bwzyf.wav,/Users/hooyar/Desktop/Projects/Python/CMPT310-Project/features/seq/bwzyf.wav.npz,4
tpslg.wav,/Users/hooyar/Desktop/Projects/Python/CMPT310-Project/features/seq/tpslg.wav.npz,5
crixb.wav,/Users/hooyar/Desktop/Projects/Python/CMPT310-Project/features/seq/crixb.wav.npz,2
nfqjx.wav,/Users/hooyar/Desktop/Projects/Python/CMPT310-Project/features/seq/nfqjx.wav.npz,6
xiglo.wav,/Users/hooyar/Desktop/Projects/Python/CMPT310-Project/features/seq/xiglo.wav.npz,3
xmyyy.wav,/Users/hooyar/Desktop/Projects/Python/CMPT310-Project/features/seq/xmyyy.wav.npz,5
clfcg.wav,/Users/hooyar/Desktop/Projects/Python/CMPT310-Project/features/seq/clfcg.wav.npz,9
tbjqx.wav,/Users/hooyar/Desktop/Projects/Python/CMPT310-Project/features/seq/tbjqx.wav.npz,8
vncid.wav,/Users/hooyar/Desktop/Projects/Python/CMPT310-Project/features/seq/vncid.wav.npz,13
qygfk.wav,/Users/hooyar/Desktop/Projects/Python/CMPT310-Project/features/seq/qygfk.wav.npz,4
uedkc.wav,/Users/hooyar/Desktop/Projects/Python/CMPT310-Project/features/seq/uedkc.wav.npz,7
diysk.wav,/Users/hooyar/Desktop/Projects/Python/CMPT310-Project/features/seq/diysk.wav.npz,15
jiqvr.wav,/Users/hooyar/Desktop/Projects/Python/CMPT310-Project/features/seq/jiqvr.wav.npz,3
kkghn.wav,/Users/hooyar/Desktop/Projects/Python/CMPT310-Project/features/seq/kkghn.wav.npz,1
ndkwv.wav,/Users/hooyar/Desktop/Projects/Python/CMPT310-Project/features/seq/ndkwv.wav.npz,7
ggvel.wav,/Users/hooyar/Desktop/Projects/Python/CMPT310-Project/features/seq/ggvel.wav.npz,6
mxdpo.wav,/Users/hooyar/Desktop/Projects/Python/CMPT310-Project/features/seq/mxdpo.wav.npz,2
dzxut.wav,/Users/hooyar/Desktop/Projects/Python/CMPT310-Project/features/seq/dzxut.wav.npz,8
lknjp.wav,/Users/hooyar/Desktop/Projects/Python/CMPT310-Project/features/seq/lknjp.wav.npz,5
qhesr.wav,/Users/hooyar/Desktop/Projects/Python/CMPT310-Project/features/seq/qhesr.wav.npz,2
zmndm.wav,/Users/hooyar/Desktop/Projects/Python/CMPT310-Project/features/seq/zmndm.wav.npz,1
xypdm.wav,/Users/hooyar/Desktop/Projects/Python/CMPT310-Project/features/seq/xypdm.wav.npz,1
cvofp.wav,/Users/hooyar/Desktop/Projects/Python/CMPT310-Project/features/seq/cvofp.wav.npz,6
fxnwf.wav,/Users/hooyar/Desktop/Projects/Python/CMPT310-Project/features/seq/fxnwf.wav.npz,3
wwvcs.wav,/Users/hooyar/Desktop/Projects/Python/CMPT310-Project/features/seq/wwvcs.wav.npz,6
ljpes.wav,/Users/hooyar/Desktop/Projects/Python/CMPT310-Project/features/seq/ljpes.wav.npz,4
bravd.wav,/Users/hooyar/Desktop/Projects/Python/CMPT310-Project/features/seq/bravd.wav.npz,3
tucrg.wav,/Users/hooyar/Desktop/Projects/Python/CMPT310-Project/features/seq/tucrg.wav.npz,3
ouvtt.wav,/Users/hooyar/Desktop/Projects/Python/CMPT310-Project/features/seq/ouvtt.wav.npz,2
qjgpl.wav,/Users/hooyar/Desktop/Projects/Python/CMPT310-Project/features/seq/qjgpl.wav.npz,8
qoarn.wav,/Users/hooyar/Desktop/Projects/Python/CMPT310-Project/features/seq/qoarn.wav.npz,8
rcxzg.wav,/Users/hooyar/Desktop/Projects/Python/CMPT310-Project/features/seq/rcxzg.wav.npz,4
iowob.wav,/Users/hooyar/Desktop/Projects/Python/CMPT310-Project/features/seq/iowob.wav.npz,8
bkwns.wav,/Users/hooyar/Desktop/Projects/Python/CMPT310-Project/features/seq/bkwns.wav.npz,2
ylgug.wav,/Users/hooyar/Desktop/Projects/Python/CMPT310-Project/features/seq/ylgug.wav.npz,3
gzhwb.wav,/Users/hooyar/Desktop/Projects/Python/CMPT310-Project/features/seq/gzhwb.wav.npz,6
gyomp.wav,/Users/hooyar/Desktop/Projects/Python/CMPT310-Project/features/seq/gyomp.wav.npz,5
ysgbf.wav,/Users/hooyar/Desktop/Projects/Python/CMPT310-Project/features/seq/ysgbf.wav.npz,1
cjfer.wav,/Users/hooyar/Desktop/Projects/Python/CMPT310-Project/features/seq/cjfer.wav.npz,15
qouur.wav,/Users/hooyar/Desktop/Projects/Python/CMPT310-Project/features/seq/qouur.wav.npz,1
qpylu.wav,/Users/hooyar/Desktop/Projects/Python/CMPT310-Project/features/seq/qpylu.wav.npz,2
eazeq.wav,/Users/hooyar/Desktop/Projects/Python/CMPT310-Project/features/seq/eazeq.wav.npz,2
dohag.wav,/Users/hooyar/Desktop/Projects/Python/CMPT310-Project/features/seq/dohag.wav.npz,1
pkwrt.wav,/Users/hooyar/Desktop/Projects/Python/CMPT310-Project/features/seq/pkwrt.wav.npz,5
aepyx.wav,/Users/hooyar/Desktop/Projects/Python/CMPT310-Project/features/seq/aepyx.wav.npz,4
ezsgk.wav,/Users/hooyar/Desktop/Projects/Python/CMPT310-Project/features/seq/ezsgk.wav.npz,3
szsyz.wav,/Users/hooyar/Desktop/Projects/Python/CMPT310-Project/features/seq/szsyz.wav.npz,3
wjhgf.wav,/Users/hooyar/Desktop/Projects/Python/CMPT310-Project/features/seq/wjhgf.wav.npz,5
dzsef.wav,/Users/hooyar/Desktop/Projects/Python/CMPT310-Project/features/seq/dzsef.wav.npz,3
mjgil.wav,/Users/hooyar/Desktop/Projects/Python/CMPT310-Project/features/seq/mjgil.wav.npz,2
xkgos.wav,/Users/hooyar/Desktop/Projects/Python/CMPT310-Project/features/seq/xkgos.wav.npz,4
willh.wav,/Users/hooyar/Desktop/Projects/Python/CMPT310-Project/features/seq/willh.wav.npz,2
vmbga.wav,/Users/hooyar/Desktop/Projects/Python/CMPT310-Project/features/seq/vmbga.wav.npz,4
kvkje.wav,/Users/hooyar/Desktop/Projects/Python/CMPT310-Project/features/seq/kvkje.wav.npz,8
zfzlc.wav,/Users/hooyar/Desktop/Projects/Python/CMPT310-Project/features/seq/zfzlc.wav.npz,2
yrsve.wav,/Users/hooyar/Desktop/Projects/Python/CMPT310-Project/features/seq/yrsve.wav.npz,3
jdrwl.wav,/Users/hooyar/Desktop/Projects/Python/CMPT310-Project/features/seq/jdrwl.wav.npz,7
uqxlg.wav,/Users/hooyar/Desktop/Projects/Python/CMPT310-Project/features/seq/uqxlg.wav.npz,15
tpnyf.wav,/Users/hooyar/Desktop/Projects/Python/CMPT310-Project/features/seq/tpnyf.wav.npz,7
eoyaz.wav,/Users/hooyar/Desktop/Projects/Python/CMPT310-Project/features/seq/eoyaz.wav.npz,8
auzru.wav,/Users/hooyar/Desktop/Projects/Python/CMPT310-Project/features/seq/auzru.wav.npz,8
jynhe.wav,/Users/hooyar/Desktop/Projects/Python/CMPT310-Project/features/seq/jynhe.wav.npz,5
nlvdr.wav,/Users/hooyar/Desktop/Projects/Python/CMPT310-Project/features/seq/nlvdr.wav.npz,10
olzkb.wav,/Users/hooyar/Desktop/Projects/Python/CMPT310-Project/features/seq/olzkb.wav.npz,2
dvngl.wav,/Users/hooyar/Desktop/Projects/Python/CMPT310-Project/features/seq/dvngl.wav.npz,8
zowse.wav,/Users/hooyar/Desktop/Projects/Python/CMPT310-Project/features/seq/zowse.wav.npz,9
bjruf.wav,/Users/hooyar/Desktop/Projects/Python/CMPT310-Project/features/seq/bjruf.wav.npz,2
sldwj.wav,/Users/hooyar/Desktop/Projects/Python/CMPT310-Project/features/seq/sldwj.wav.npz,3
fowhl.wav,/Users/hooyar/Desktop/Projects/Python/CMPT310-Project/features/seq/fowhl.wav.npz,6
vuewy.wav,/Users/hooyar/Desktop/Projects/Python/CMPT310-Project/features/seq/vuewy.wav.npz,6
jsdmu.wav,/Users/hooyar/Desktop/Projects/Python/CMPT310-Project/features/seq/jsdmu.wav.npz,1
hgdez.wav,/Users/hooyar/Desktop/Projects/Python/CMPT310-Project/features/seq/hgdez.wav.npz,10
ufpel.wav,/Users/hooyar/Desktop/Projects/Python/CMPT310-Project/features/seq/ufpel.wav.npz,10
cwryz.wav,/Users/hooyar/Desktop/Projects/Python/CMPT310-Project/features/seq/cwryz.wav.npz,4
dbugl.wav,/Users/hooyar/Desktop/Projects/Python/CMPT310-Project/features/seq/dbugl.wav.npz,8
zzsba.wav,/Users/hooyar/Desktop/Projects/Python/CMPT310-Project/features/seq/zzsba.wav.npz,11
tiams.wav,/Users/hooyar/Desktop/Projects/Python/CMPT310-Project/features/seq/tiams.wav.npz,5
pilgb.wav,/Users/hooyar/Desktop/Projects/Python/CMPT310-Project/features/seq/pilgb.wav.npz,6
vtzqw.wav,/Users/hooyar/Desktop/Projects/Python/CMPT310-Project/features/seq/vtzqw.wav.npz,12
ledhe.wav,/Users/hooyar/Desktop/Projects/Python/CMPT310-Project/features/seq/ledhe.wav.npz,3
eqttu.wav,/Users/hooyar/Desktop/Projects/Python/CMPT310-Project/features/seq/eqttu.wav.npz,2
vgaez.wav,/Users/hooyar/Desktop/Projects/Python/CMPT310-Project/features/seq/vgaez.wav.npz,4
lhuly.wav,/Users/hooyar/Desktop/Projects/Python/CMPT310-Project/features/seq/lhuly.wav.npz,7
ooxlj.wav,/Users/hooyar/Desktop/Projects/Python/CMPT310-Project/features/seq/ooxlj.wav.npz,1
jsymf.wav,/Users/hooyar/Desktop/Projects/Python/CMPT310-Project/features/seq/jsymf.wav.npz,9
rxulz.wav,/Users/hooyar/Desktop/Projects/Python/CMPT310-Project/features/seq/rxulz.wav.npz,10
zidwg.wav,/Users/hooyar/Desktop/Projects/Python/CMPT310-Project/features/seq/zidwg.wav.npz,7
uevxo.wav,/Users/hooyar/Desktop/Projects/Python/CMPT310-Project/features/seq/uevxo.wav.npz,9
gqdxy.wav,/Users/hooyar/Desktop/Projects/Python/CMPT310-Project/features/seq/gqdxy.wav.npz,3
gmmwm.wav,/Users/hooyar/Desktop/Projects/Python/CMPT310-Project/features/seq/gmmwm.wav.npz,2
otmpf.wav,/Users/hooyar/Desktop/Projects/Python/CMPT310-Project/features/seq/otmpf.wav.npz,3
yukhy.wav,/Users/hooyar/Desktop/Projects/Python/CMPT310-Project/features/seq/yukhy.wav.npz,6
sxqvt.wav,/Users/hooyar/Desktop/Projects/Python/CMPT310-Project/features/seq/sxqvt.wav.npz,2
zedtj.wav,/Users/hooyar/Desktop/Projects/Python/CMPT310-Project/features/seq/zedtj.wav.npz,7
ibrnm.wav,/Users/hooyar/Desktop/Projects/Python/CMPT310-Project/features/seq/ibrnm.wav.npz,12
tplwz.wav,/Users/hooyar/Desktop/Projects/Python/CMPT310-Project/features/seq/tplwz.wav.npz,6
oklol.wav,/Users/hooyar/Desktop/Projects/Python/CMPT310-Project/features/seq/oklol.wav.npz,7
thnuq.wav,/Users/hooyar/Desktop/Projects/Python/CMPT310-Project/features/seq/thnuq.wav.npz,10
zyffh.wav,/Users/hooyar/Desktop/Projects/Python/CMPT310-Project/features/seq/zyffh.wav.npz,3
gzvkx.wav,/Users/hooyar/Desktop/Projects/Python/CMPT310-Project/features/seq/gzvkx.wav.npz,6
ylnza.wav,/Users/hooyar/Desktop/Projects/Python/CMPT310-Project/features/seq/ylnza.wav.npz,10
abjxc.wav,/Users/hooyar/Desktop/Projects/Python/CMPT310-Project/features/seq/abjxc.wav.npz,1
mvjuk.wav,/Users/hooyar/Desktop/Projects/Python/CMPT310-Project/features/seq/mvjuk.wav.npz,3
qeejz.wav,/Users/hooyar/Desktop/Projects/Python/CMPT310-Project/features/seq/qeejz.wav.npz,14
uexjc.wav,/Users/hooyar/Desktop/Projects/Python/CMPT310-Project/features/seq/uexjc.wav.npz,7
ngyrk.wav,/Users/hooyar/Desktop/Projects/Python/CMPT310-Project/features/seq/ngyrk.wav.npz,2
jsbdo.wav,/Users/hooyar/Desktop/Projects/Python/CMPT310-Project/features/seq/jsbdo.wav.npz,7
xtdcl.wav,/Users/hooyar/Desktop/Projects/Python/CMPT310-Project/features/seq/xtdcl.wav.npz,2
luobn.wav,/Users/hooyar/Desktop/Projects/Python/CMPT310-Project/features/seq/luobn.wav.npz,2
wmori.wav,/Users/hooyar/Desktop/Projects/Python/CMPT310-Project/features/seq/wmori.wav.npz,2
fvhrk.wav,/Users/hooyar/Desktop/Projects/Python/CMPT310-Project/features/seq/fvhrk.wav.npz,4
kklpv.wav,/Users/hooyar/Desktop/Projects/Python/CMPT310-Project/features/seq/kklpv.wav.npz,2
tfvyr.wav,/Users/hooyar/Desktop/Projects/Python/CMPT310-Project/features/seq/tfvyr.wav.npz,1
pwnsw.wav,/Users/hooyar/Desktop/Projects/Python/CMPT310-Project/features/seq/pwnsw.wav.npz,13
suuxu.wav,/Users/hooyar/Desktop/Projects/Python/CMPT310-Project/features/seq/suuxu.wav.npz,6
gcvrb.wav,/Users/hooyar/Desktop/Projects/Python/CMPT310-Project/features/seq/gcvrb.wav.npz,2
ylzez.wav,/Users/hooyar/Desktop/Projects/Python/CMPT310-Project/features/seq/ylzez.wav.npz,2
oxxwk.wav,/Users/hooyar/Desktop/Projects/Python/CMPT310-Project/features/seq/oxxwk.wav.npz,2
ldnro.wav,/Users/hooyar/Desktop/Projects/Python/CMPT310-Project/features/seq/ldnro.wav.npz,15
wemos.wav,/Users/hooyar/Desktop/Projects/Python/CMPT310-Project/features/seq/wemos.wav.npz,8
mclsr.wav,/Users/hooyar/Desktop/Projects/Python/CMPT310-Project/features/seq/mclsr.wav.npz,11
jjkrt.wav,/Users/hooyar/Desktop/Projects/Python/CMPT310-Project/features/seq/jjkrt.wav.npz,6
bgvvt.wav,/Users/hooyar/Desktop/Projects/Python/CMPT310-Project/features/seq/bgvvt.wav.npz,2
jxydp.wav,/Users/hooyar/Desktop/Projects/Python/CMPT310-Project/features/seq/jxydp.wav.npz,1
nrogz.wav,/Users/hooyar/Desktop/Projects/Python/CMPT310-Project/features/seq/nrogz.wav.npz,11
ocfop.wav,/Users/hooyar/Desktop/Projects/Python/CMPT310-Project/features/seq/ocfop.wav.npz,2
oekmc.wav,/Users/hooyar/Desktop/Projects/Python/CMPT310-Project/features/seq/oekmc.wav.npz,5
mevkw.wav,/Users/hooyar/Desktop/Projects/Python/CMPT310-Project/features/seq/mevkw.wav.npz,3
zrlyl.wav,/Users/hooyar/Desktop/Projects/Python/CMPT310-Project/features/seq/zrlyl.wav.npz,2
kpjud.wav,/Users/hooyar/Desktop/Projects/Python/CMPT310-Project/features/seq/kpjud.wav.npz,8
fpfvy.wav,/Users/hooyar/Desktop/Projects/Python/CMPT310-Project/features/seq/fpfvy.wav.npz,11
fsaal.wav,/Users/hooyar/Desktop/Projects/Python/CMPT310-Project/features/seq/fsaal.wav.npz,7
eqsta.wav,/Users/hooyar/Desktop/Projects/Python/CMPT310-Project/features/seq/eqsta.wav.npz,15
hqyok.wav,/Users/hooyar/Desktop/Projects/Python/CMPT310-Project/features/seq/hqyok.wav.npz,1
gcfwp.wav,/Users/hooyar/Desktop/Projects/Python/CMPT310-Project/features/seq/gcfwp.wav.npz,7
sduml.wav,/Users/hooyar/Desktop/Projects/Python/CMPT310-Project/features/seq/sduml.wav.npz,6
vylyk.wav,/Users/hooyar/Desktop/Projects/Python/CMPT310-Project/features/seq/vylyk.wav.npz,3
sqkup.wav,/Users/hooyar/Desktop/Projects/Python/CMPT310-Project/features/seq/sqkup.wav.npz,9
qvtia.wav,/Users/hooyar/Desktop/Projects/Python/CMPT310-Project/features/seq/qvtia.wav.npz,2
goyli.wav,/Users/hooyar/Desktop/Projects/Python/CMPT310-Project/features/seq/goyli.wav.npz,5
vzuru.wav,/Users/hooyar/Desktop/Projects/Python/CMPT310-Project/features/seq/vzuru.wav.npz,19
kctgl.wav,/Users/hooyar/Desktop/Projects/Python/CMPT310-Project/features/seq/kctgl.wav.npz,2
djngn.wav,/Users/hooyar/Desktop/Projects/Python/CMPT310-Project/features/seq/djngn.wav.npz,2
ywcwr.wav,/Users/hooyar/Desktop/Projects/Python/CMPT310-Project/features/seq/ywcwr.wav.npz,2
byapz.wav,/Users/hooyar/Desktop/Projects/Python/CMPT310-Project/features/seq/byapz.wav.npz,15
nxgad.wav,/Users/hooyar/Desktop/Projects/Python/CMPT310-Project/features/seq/nxgad.wav.npz,2
jrfaz.wav,/Users/hooyar/Desktop/Projects/Python/CMPT310-Project/features/seq/jrfaz.wav.npz,9
fuzfh.wav,/Users/hooyar/Desktop/Projects/Python/CMPT310-Project/features/seq/fuzfh.wav.npz,3
xffsa.wav,/Users/hooyar/Desktop/Projects/Python/CMPT310-Project/features/seq/xffsa.wav.npz,6
gylzn.wav,/Users/hooyar/Desktop/Projects/Python/CMPT310-Project/features/seq/gylzn.wav.npz,2
duvox.wav,/Users/hooyar/Desktop/Projects/Python/CMPT310-Project/features/seq/duvox.wav.npz,6
jttar.wav,/Users/hooyar/Desktop/Projects/Python/CMPT310-Project/features/seq/jttar.wav.npz,7
tnjoh.wav,/Users/hooyar/Desktop/Projects/Python/CMPT310-Project/features/seq/tnjoh.wav.npz,5
iqtde.wav,/Users/hooyar/Desktop/Projects/Python/CMPT310-Project/features/seq/iqtde.wav.npz,4
cmfyw.wav,/Users/hooyar/Desktop/Projects/Python/CMPT310-Project/features/seq/cmfyw.wav.npz,5
rarij.wav,/Users/hooyar/Desktop/Projects/Python/CMPT310-Project/features/seq/rarij.wav.npz,10
rpkso.wav,/Users/hooyar/Desktop/Projects/Python/CMPT310-Project/features/seq/rpkso.wav.npz,5
rsypp.wav,/Users/hooyar/Desktop/Projects/Python/CMPT310-Project/features/seq/rsypp.wav.npz,10
gpjne.wav,/Users/hooyar/Desktop/Projects/Python/CMPT310-Project/features/seq/gpjne.wav.npz,2
bauzd.wav,/Users/hooyar/Desktop/Projects/Python/CMPT310-Project/features/seq/bauzd.wav.npz,5
bmsyn.wav,/Users/hooyar/Desktop/Projects/Python/CMPT310-Project/features/seq/bmsyn.wav.npz,5
jyflp.wav,/Users/hooyar/Desktop/Projects/Python/CMPT310-Project/features/seq/jyflp.wav.npz,7
tlprc.wav,/Users/hooyar/Desktop/Projects/Python/CMPT310-Project/features/seq/tlprc.wav.npz,8
ryken.wav,/Users/hooyar/Desktop/Projects/Python/CMPT310-Project/features/seq/ryken.wav.npz,7
svxzm.wav,/Users/hooyar/Desktop/Projects/Python/CMPT310-Project/features/seq/svxzm.wav.npz,1
sosnj.wav,/Users/hooyar/Desktop/Projects/Python/CMPT310-Project/features/seq/sosnj.wav.npz,3
ytmef.wav,/Users/hooyar/Desktop/Projects/Python/CMPT310-Project/features/seq/ytmef.wav.npz,4
gwloo.wav,/Users/hooyar/Desktop/Projects/Python/CMPT310-Project/features/seq/gwloo.wav.npz,1
qppll.wav,/Users/hooyar/Desktop/Projects/Python/CMPT310-Project/features/seq/qppll.wav.npz,1
pqmho.wav,/Users/hooyar/Desktop/Projects/Python/CMPT310-Project/features/seq/pqmho.wav.npz,1
kbkon.wav,/Users/hooyar/Desktop/Projects/Python/CMPT310-Project/features/seq/kbkon.wav.npz,6
xkmqx.wav,/Users/hooyar/Desktop/Projects/Python/CMPT310-Project/features/seq/xkmqx.wav.npz,3
exymw.wav,/Users/hooyar/Desktop/Projects/Python/CMPT310-Project/features/seq/exymw.wav.npz,5
lbfnx.wav,/Users/hooyar/Desktop/Projects/Python/CMPT310-Project/features/seq/lbfnx.wav.npz,15
neiye.wav,/Users/hooyar/Desktop/Projects/Python/CMPT310-Project/features/seq/neiye.wav.npz,1
irvat.wav,/Users/hooyar/Desktop/Projects/Python/CMPT310-Project/features/seq/irvat.wav.npz,3
nctdh.wav,/Users/hooyar/Desktop/Projects/Python/CMPT310-Project/features/seq/nctdh.wav.npz,6
fxgvy.wav,/Users/hooyar/Desktop/Projects/Python/CMPT310-Project/features/seq/fxgvy.wav.npz,2
jxpom.wav,/Users/hooyar/Desktop/Projects/Python/CMPT310-Project/features/seq/jxpom.wav.npz,7
eddje.wav,/Users/hooyar/Desktop/Projects/Python/CMPT310-Project/features/seq/eddje.wav.npz,4
akthc.wav,/Users/hooyar/Desktop/Projects/Python/CMPT310-Project/features/seq/akthc.wav.npz,2
isrps.wav,/Users/hooyar/Desktop/Projects/Python/CMPT310-Project/features/seq/isrps.wav.npz,7
djqif.wav,/Users/hooyar/Desktop/Projects/Python/CMPT310-Project/features/seq/djqif.wav.npz,3
fkvvo.wav,/Users/hooyar/Desktop/Projects/Python/CMPT310-Project/features/seq/fkvvo.wav.npz,9
azisu.wav,/Users/hooyar/Desktop/Projects/Python/CMPT310-Project/features/seq/azisu.wav.npz,4
optsn.wav,/Users/hooyar/Desktop/Projects/Python/CMPT310-Project/features/seq/optsn.wav.npz,9
ahnss.wav,/Users/hooyar/Desktop/Projects/Python/CMPT310-Project/features/seq/ahnss.wav.npz,4
jwggf.wav,/Users/hooyar/Desktop/Projects/Python/CMPT310-Project/features/seq/jwggf.wav.npz,5
zvmyn.wav,/Users/hooyar/Desktop/Projects/Python/CMPT310-Project/features/seq/zvmyn.wav.npz,1
pccww.wav,/Users/hooyar/Desktop/Projects/Python/CMPT310-Project/features/seq/pccww.wav.npz,3
kkwkn.wav,/Users/hooyar/Desktop/Projects/Python/CMPT310-Project/features/seq/kkwkn.wav.npz,5
sfdvy.wav,/Users/hooyar/Desktop/Projects/Python/CMPT310-Project/features/seq/sfdvy.wav.npz,1
edixl.wav,/Users/hooyar/Desktop/Projects/Python/CMPT310-Project/features/seq/edixl.wav.npz,6
usqam.wav,/Users/hooyar/Desktop/Projects/Python/CMPT310-Project/features/seq/usqam.wav.npz,14
zsgto.wav,/Users/hooyar/Desktop/Projects/Python/CMPT310-Project/features/seq/zsgto.wav.npz,5
dlast.wav,/Users/hooyar/Desktop/Projects/Python/CMPT310-Project/features/seq/dlast.wav.npz,9
tcwsn.wav,/Users/hooyar/Desktop/Projects/Python/CMPT310-Project/features/seq/tcwsn.wav.npz,2
paibn.wav,/Users/hooyar/Desktop/Projects/Python/CMPT310-Project/features/seq/paibn.wav.npz,3
qlrry.wav,/Users/hooyar/Desktop/Projects/Python/CMPT310-Project/features/seq/qlrry.wav.npz,7
udjij.wav,/Users/hooyar/Desktop/Projects/Python/CMPT310-Project/features/seq/udjij.wav.npz,5
femmv.wav,/Users/hooyar/Desktop/Projects/Python/CMPT310-Project/features/seq/femmv.wav.npz,4
cawnd.wav,/Users/hooyar/Desktop/Projects/Python/CMPT310-Project/features/seq/cawnd.wav.npz,9
cyyxp.wav,/Users/hooyar/Desktop/Projects/Python/CMPT310-Project/features/seq/cyyxp.wav.npz,1
jnivh.wav,/Users/hooyar/Desktop/Projects/Python/CMPT310-Project/features/seq/jnivh.wav.npz,3
qadia.wav,/Users/hooyar/Desktop/Projects/Python/CMPT310-Project/features/seq/qadia.wav.npz,8
